<?xml version="1.0" encoding="UTF-8" standalone="yes"?>
<addon id="repository.jude1337" name="jude1337 Repo" version="2.2.0" provider-name="jude1337">
	<extension point="xbmc.addon.repository" name="jude1337 Repo">
		<dir minversion="18.0">
			<info compressed="false">https://raw.githubusercontent.com/jude1337/jude1337/master/repo/zips/addons.xml</info>
			<checksum>https://raw.githubusercontent.com/jude1337/jude1337/master/repo/zips/addons.xml.md5</checksum>
			<datadir zip="true">https://raw.githubusercontent.com/jude1337/jude1337/master/repo/zips/</datadir>
		</dir>
		<dir minversion="18.0" maxversion="18.9.0">
			<info compressed="false">https://raw.githubusercontent.com/jude1337/jude1337/master/leia/zips/addons.xml</info>
			<checksum>https://raw.githubusercontent.com/jude1337/jude1337/master/leia/zips/addons.xml.md5</checksum>
			<datadir zip="true">https://raw.githubusercontent.com/jude1337/jude1337/master/leia/zips/</datadir>
		</dir>
		<dir minversion="18.9.0">
			<info compressed="false">https://raw.githubusercontent.com/jude1337/jude1337/master/matrix/zips/addons.xml</info>
			<checksum>https://raw.githubusercontent.com/jude1337/jude1337/master/matrix/zips/addons.xml.md5</checksum>
			<datadir zip="true">https://raw.githubusercontent.com/jude1337/jude1337/master/matrix/zips/</datadir>
		</dir>
	</extension>
	<extension point="xbmc.addon.metadata">
		<summary>jude1337</summary>
		<description>jude1337 Repository</description>
		<platform>all</platform>
		<assets>
			<icon>icon.png</icon>
			<fanart>fanart.png</fanart>
		</assets>
	</extension>
</addon>